{
  "Ansi 5 Color" : {
    "Green Component" : 0.59999999999999998,
    "Red Component" : 0.80000000000000004,
    "Blue Component" : 0.80000000000000004
  },
  "Working Directory" : "\/Users\/ohlulu\/Documents\/Pinkoi",
  "Prompt Before Closing 2" : false,
  "Selected Text Color" : {
    "Green Component" : 0.80000000000000004,
    "Red Component" : 0.80000000000000004,
    "Blue Component" : 0.80000000000000004
  },
  "Rows" : 40,
  "Ansi 11 Color" : {
    "Green Component" : 0.80000000000000004,
    "Red Component" : 1,
    "Blue Component" : 0.40000000000000002
  },
  "Use Italic Font" : true,
  "Foreground Color" : {
    "Green Component" : 0.80000000000000004,
    "Red Component" : 0.80000000000000004,
    "Blue Component" : 0.80000000000000004
  },
  "Right Option Key Sends" : 0,
  "Character Encoding" : 4,
  "Selection Color" : {
    "Green Component" : 0.31764705882352939,
    "Red Component" : 0.31764705882352939,
    "Blue Component" : 0.31764705882352939
  },
  "Blend" : 0.61673129562043794,
  "Mouse Reporting" : true,
  "Ansi 4 Color" : {
    "Green Component" : 0.59999999999999998,
    "Red Component" : 0.40000000000000002,
    "Blue Component" : 0.80000000000000004
  },
  "Non-ASCII Anti Aliased" : true,
  "Sync Title" : false,
  "Disable Window Resizing" : true,
  "Description" : "Default",
  "Close Sessions On End" : true,
  "Jobs to Ignore" : [
    "rlogin",
    "ssh",
    "slogin",
    "telnet"
  ],
  "Scrollback Lines" : 0,
  "Draw Powerline Glyphs" : true,
  "Brighten Bold Text" : true,
  "Prevent Opening in a Tab" : false,
  "Flashing Bell" : false,
  "Cursor Guide Color" : {
    "Red Component" : 0.70213186740875244,
    "Color Space" : "sRGB",
    "Blue Component" : 1,
    "Alpha Component" : 0.25,
    "Green Component" : 0.9268307089805603
  },
  "Right Option Key Changeable" : false,
  "BM Growl" : true,
  "Ansi 3 Color" : {
    "Green Component" : 0.80000000000000004,
    "Red Component" : 1,
    "Blue Component" : 0.40000000000000002
  },
  "Use Non-ASCII Font" : false,
  "Use Custom Tab Title" : false,
  "Shortcut" : "",
  "Link Color" : {
    "Red Component" : 0,
    "Color Space" : "sRGB",
    "Blue Component" : 0.73423302173614502,
    "Alpha Component" : 1,
    "Green Component" : 0.35916060209274292
  },
  "Background Image Location" : "",
  "Bold Color" : {
    "Green Component" : 0.80000000000000004,
    "Red Component" : 0.80000000000000004,
    "Blue Component" : 0.80000000000000004
  },
  "Use Cursor Guide" : false,
  "Unlimited Scrollback" : true,
  "Custom Command" : "No",
  "Keyboard Map" : {
    "0xf728-0x0" : {
      "Action" : 11,
      "Text" : "0x4"
    },
    "0xf702-0x280000" : {
      "Action" : 10,
      "Text" : "b"
    },
    "0xf702-0x300000" : {
      "Action" : 11,
      "Text" : "0x1"
    },
    "0xf703-0x280000" : {
      "Action" : 10,
      "Text" : "f"
    },
    "0xf728-0x80000" : {
      "Action" : 10,
      "Text" : "d"
    },
    "0x7f-0x100000" : {
      "Action" : 11,
      "Text" : "0x15"
    },
    "0xf703-0x300000" : {
      "Action" : 11,
      "Text" : "0x5"
    },
    "0x7f-0x80000" : {
      "Action" : 11,
      "Text" : "0x1b 0x7f"
    }
  },
  "Ansi 14 Color" : {
    "Green Component" : 0.80000000000000004,
    "Red Component" : 0.40000000000000002,
    "Blue Component" : 0.80000000000000004
  },
  "Ansi 2 Color" : {
    "Green Component" : 0.80000000000000004,
    "Red Component" : 0.59999999999999998,
    "Blue Component" : 0.59999999999999998
  },
  "Send Code When Idle" : false,
  "ASCII Anti Aliased" : true,
  "Tags" : [

  ],
  "Ansi 9 Color" : {
    "Green Component" : 0.46666666670000001,
    "Red Component" : 0.94901960780000005,
    "Blue Component" : 0.47843137250000001
  },
  "Use Bold Font" : true,
  "Silence Bell" : false,
  "Ansi 12 Color" : {
    "Green Component" : 0.59999999999999998,
    "Red Component" : 0.40000000000000002,
    "Blue Component" : 0.80000000000000004
  },
  "Window Type" : 0,
  "Use Bright Bold" : true,
  "Cursor Text Color" : {
    "Green Component" : 0.1764705882,
    "Red Component" : 0.1764705882,
    "Blue Component" : 0.1764705882
  },
  "Default Bookmark" : "No",
  "Cursor Color" : {
    "Green Component" : 0.80000000000000004,
    "Red Component" : 0.80000000000000004,
    "Blue Component" : 0.80000000000000004
  },
  "Ansi 1 Color" : {
    "Green Component" : 0.46666666666666667,
    "Red Component" : 0.94901960784313721,
    "Blue Component" : 0.47843137254901957
  },
  "Name" : "OhProfile",
  "Blinking Cursor" : true,
  "Guid" : "E8D79CB6-D0FD-4C95-A0CC-CEB086EE7C9C",
  "Match Background Color" : {
    "Red Component" : 1,
    "Color Space" : "P3",
    "Blue Component" : 0,
    "Alpha Component" : 1,
    "Green Component" : 1
  },
  "Ansi 8 Color" : {
    "Green Component" : 0,
    "Red Component" : 0,
    "Blue Component" : 0
  },
  "Ansi 10 Color" : {
    "Green Component" : 0.80000000000000004,
    "Red Component" : 0.59999999999999998,
    "Blue Component" : 0.59999999999999998
  },
  "Idle Code" : 0,
  "Badge Color" : {
    "Red Component" : 1,
    "Color Space" : "sRGB",
    "Blue Component" : 0,
    "Alpha Component" : 0.5,
    "Green Component" : 0.1491314172744751
  },
  "Ambiguous Double Width" : false,
  "Blur Radius" : 1.8270563616071431,
  "Treat Option as Alt" : false,
  "Background Image Mode" : 0,
  "Cursor Type" : 2,
  "Ansi 0 Color" : {
    "Green Component" : 0,
    "Red Component" : 0,
    "Blue Component" : 0
  },
  "Left Option Key Changeable" : false,
  "Normal Font" : "MesloLGS-NF-Regular 18",
  "Vertical Spacing" : 1,
  "Blur" : true,
  "Ansi 7 Color" : {
    "Green Component" : 0.99997437000274658,
    "Red Component" : 1,
    "Blue Component" : 0.99999129772186279
  },
  "Command" : "",
  "Terminal Type" : "xterm-256color",
  "Horizontal Spacing" : 1,
  "Tab Color" : {
    "Red Component" : 0.17647059261798859,
    "Color Space" : "sRGB",
    "Blue Component" : 0.40392157435417175,
    "Alpha Component" : 1,
    "Green Component" : 0.30980393290519714
  },
  "Only The Default BG Color Uses Transparency" : false,
  "Option Key Sends" : 0,
  "Blink Allowed" : false,
  "Ansi 15 Color" : {
    "Green Component" : 0.99997437000274658,
    "Red Component" : 1,
    "Blue Component" : 0.99999129772186279
  },
  "Minimum Contrast" : 0,
  "Ansi 6 Color" : {
    "Green Component" : 0.80000000000000004,
    "Red Component" : 0.40000000000000002,
    "Blue Component" : 0.80000000000000004
  },
  "Transparency" : 0.040000000000000001,
  "Background Color" : {
    "Green Component" : 0.1764705882352941,
    "Red Component" : 0.1764705882352941,
    "Blue Component" : 0.1764705882352941
  },
  "Screen" : -1,
  "Non Ascii Font" : "Monaco 12",
  "Ansi 13 Color" : {
    "Green Component" : 0.59999999999999998,
    "Red Component" : 0.80000000000000004,
    "Blue Component" : 0.80000000000000004
  },
  "Columns" : 150,
  "Visual Bell" : true,
  "Custom Directory" : "No",
  "ASCII Ligatures" : false,
  "Set Local Environment Vars" : 3
}